{"loss": 79.80708169937134, "_timestamp": 1673866788.6061854, "_runtime": 14.936579465866089, "_step": 20, "_wandb": {"runtime": 14}}