{"loss": 3.8343679904937744, "_timestamp": 1673860515.385274, "_runtime": 10.164641857147217, "_step": 0}