{"loss": 69.52017951011658, "_timestamp": 1673863237.7209866, "_runtime": 16.057409524917603, "_step": 17, "_wandb": {"runtime": 15}}