{"Accuracy": 0.04545454680919647, "_timestamp": 1673882405.3291173, "_runtime": 29.27245020866394, "_step": 197, "_wandb": {"runtime": 28}}