{"Accuracy": 0.0, "_timestamp": 1673882485.0275707, "_runtime": 23.569607734680176, "_step": 197, "_wandb": {"runtime": 23}}