{"loss": 3.8249073028564453, "_timestamp": 1673860476.0137343, "_runtime": 12.983075380325317, "_step": 0, "_wandb": {"runtime": 14}}